{"AED":{"symbol":"AED","name":"dirham des Émirats arabes unis","symbol_native":"د.إ.\u200F","decimal_digits":2,"rounding":0.0,"code":"AED","name_plural":"dirhams des Émirats arabes unis"},"AFN":{"symbol":"AFN","name":"afghani afghan","symbol_native":"؋","decimal_digits":0,"rounding":0.0,"code":"AFN","name_plural":"afghanis afghan"},"ALL":{"symbol":"ALL","name":"lek albanais","symbol_native":"Lek","decimal_digits":0,"rounding":0.0,"code":"ALL","name_plural":"leks albanais"},"AMD":{"symbol":"AMD","name":"dram arménien","symbol_native":"դր.","decimal_digits":0,"rounding":0.0,"code":"AMD","name_plural":"drams arméniens"},"AOA":{"symbol":"AOA","name":"kwanza angolais","symbol_native":"Kz","decimal_digits":2,"rounding":0.0,"code":"AOA","name_plural":"kwanzas angolais"},"ARS":{"symbol":"$AR","name":"peso argentin","symbol_native":"$","decimal_digits":2,"rounding":0.0,"code":"ARS","name_plural":"pesos argentins"},"AUD":{"symbol":"$AU","name":"dollar australien","symbol_native":"$","decimal_digits":2,"rounding":0.0,"code":"AUD","name_plural":"dollars australiens"},"AWG":{"symbol":"AWG","name":"florin arubais","symbol_native":"Afl.","decimal_digits":2,"rounding":0.0,"code":"AWG","name_plural":"florins arubais"},"AZN":{"symbol":"AZN","name":"manat azéri","symbol_native":"ман.","decimal_digits":2,"rounding":0.0,"code":"AZN","name_plural":"manats azéris"},"BAM":{"symbol":"BAM","name":"mark convertible bosniaque","symbol_native":"KM","decimal_digits":2,"rounding":0.0,"code":"BAM","name_plural":"marks convertibles bosniaques"},"BBD":{"symbol":"BBD","name":"dollar barbadien","symbol_native":"$","decimal_digits":2,"rounding":0.0,"code":"BBD","name_plural":"dollars barbadiens"},"BDT":{"symbol":"BDT","name":"taka bangladeshi","symbol_native":"৳","decimal_digits":2,"rounding":0.0,"code":"BDT","name_plural":"takas bangladeshis"},"BGN":{"symbol":"BGN","name":"nouveau lev bulgare","symbol_native":"лв.","decimal_digits":2,"rounding":0.0,"code":"BGN","name_plural":"nouveaux levs bulgares"},"BHD":{"symbol":"BHD","name":"dinar bahreïni","symbol_native":"د.ب.\u200F","decimal_digits":3,"rounding":0.0,"code":"BHD","name_plural":"dinars bahreïnis"},"BIF":{"symbol":"BIF","name":"franc burundais","symbol_native":"FBu","decimal_digits":0,"rounding":0.0,"code":"BIF","name_plural":"francs burundais"},"BMD":{"symbol":"$BM","name":"dollar bermudien","symbol_native":"$","decimal_digits":2,"rounding":0.0,"code":"BMD","name_plural":"dollars bermudiens"},"BND":{"symbol":"$BN","name":"dollar brunéien","symbol_native":"$","decimal_digits":2,"rounding":0.0,"code":"BND","name_plural":"dollars brunéiens"},"BOB":{"symbol":"BOB","name":"boliviano","symbol_native":"Bs","decimal_digits":2,"rounding":0.0,"code":"BOB","name_plural":"bolivianos"},"BRL":{"symbol":"R$","name":"réal brésilien","symbol_native":"R$","decimal_digits":2,"rounding":0.0,"code":"BRL","name_plural":"réals brésiliens"},"BWP":{"symbol":"BWP","name":"pula botswanais","symbol_native":"P","decimal_digits":2,"rounding":0.0,"code":"BWP","name_plural":"pulas botswanais"},"BYR":{"symbol":"BYR","name":"rouble biélorusse","symbol_native":"BYR","decimal_digits":0,"rounding":0.0,"code":"BYR","name_plural":"roubles biélorusses"},"BZD":{"symbol":"$BZ","name":"dollar bélizéen","symbol_native":"$","decimal_digits":2,"rounding":0.0,"code":"BZD","name_plural":"dollars bélizéens"},"CAD":{"symbol":"$CA","name":"dollar canadien","symbol_native":"$","decimal_digits":2,"rounding":0.0,"code":"CAD","name_plural":"dollars canadiens"},"CDF":{"symbol":"FrCD","name":"franc congolais","symbol_native":"FrCD","decimal_digits":2,"rounding":0.0,"code":"CDF","name_plural":"francs congolais"},"CHF":{"symbol":"CHF","name":"franc suisse","symbol_native":"CHF","decimal_digits":2,"rounding":0.05,"code":"CHF","name_plural":"francs suisses"},"CLP":{"symbol":"$CL","name":"peso chilien","symbol_native":"$","decimal_digits":0,"rounding":0.0,"code":"CLP","name_plural":"pesos chiliens"},"CNY":{"symbol":"Ұ","name":"yuan renminbi chinois","symbol_native":"CN¥","decimal_digits":2,"rounding":0.0,"code":"CNY","name_plural":"yuans renminbi chinois"},"COP":{"symbol":"$CO","name":"peso colombien","symbol_native":"$","decimal_digits":0,"rounding":0.0,"code":"COP","name_plural":"peso colombien"},"CRC":{"symbol":"CRC","name":"colón costaricain","symbol_native":"\u20A1","decimal_digits":0,"rounding":0.0,"code":"CRC","name_plural":"colóns costaricains"},"CVE":{"symbol":"$CV","name":"escudo capverdien","symbol_native":"CVE","decimal_digits":2,"rounding":0.0,"code":"CVE","name_plural":"escudos capverdiens"},"CZK":{"symbol":"CZK","name":"couronne tchèque","symbol_native":"Kč","decimal_digits":2,"rounding":0.0,"code":"CZK","name_plural":"couronnes tchèques"},"DJF":{"symbol":"DJF","name":"franc djiboutien","symbol_native":"Fdj","decimal_digits":0,"rounding":0.0,"code":"DJF","name_plural":"francs djiboutiens"},"DKK":{"symbol":"krD","name":"couronne danoise","symbol_native":"kr","decimal_digits":2,"rounding":0.0,"code":"DKK","name_plural":"couronnes danoises"},"DOP":{"symbol":"DOP","name":"peso dominicain","symbol_native":"$","decimal_digits":2,"rounding":0.0,"code":"DOP","name_plural":"pesos dominicains"},"DZD":{"symbol":"DZD","name":"dinar algérien","symbol_native":"د.ج.\u200F","decimal_digits":2,"rounding":0.0,"code":"DZD","name_plural":"dinars algériens"},"EGP":{"symbol":"£EG","name":"livre égyptienne","symbol_native":"ج.م.\u200F","decimal_digits":2,"rounding":0.0,"code":"EGP","name_plural":"livres égyptiennes"},"ERN":{"symbol":"ERN","name":"nafka érythréen","symbol_native":"Nfk","decimal_digits":2,"rounding":0.0,"code":"ERN","name_plural":"nafkas érythréens"},"ETB":{"symbol":"ETB","name":"birr éthiopien","symbol_native":"ብር","decimal_digits":2,"rounding":0.0,"code":"ETB","name_plural":"birrs éthiopiens"},"EUR":{"symbol":"\u20AC","name":"euro","symbol_native":"\u20AC","decimal_digits":2,"rounding":0.0,"code":"EUR","name_plural":"euros"},"GBP":{"symbol":"£UK","name":"livre sterling","symbol_native":"£","decimal_digits":2,"rounding":0.0,"code":"GBP","name_plural":"livres sterling"},"GEL":{"symbol":"GEL","name":"lari géorgien","symbol_native":"GEL","decimal_digits":2,"rounding":0.0,"code":"GEL","name_plural":"lari géorgiens"},"GHS":{"symbol":"GHS","name":"cédi ghanéen","symbol_native":"GHS","decimal_digits":2,"rounding":0.0,"code":"GHS","name_plural":"cédis ghanéens"},"GNF":{"symbol":"GNF","name":"franc guinéen","symbol_native":"FG","decimal_digits":0,"rounding":0.0,"code":"GNF","name_plural":"francs guinéens"},"GTQ":{"symbol":"GTQ","name":"quetzal guatémaltèque","symbol_native":"Q","decimal_digits":2,"rounding":0.0,"code":"GTQ","name_plural":"quetzals guatémaltèques"},"GYD":{"symbol":"$GY","name":"dollar du Guyana","symbol_native":"GYD","decimal_digits":0,"rounding":0.0,"code":"GYD","name_plural":"dollars guyaniens"},"HKD":{"symbol":"$HK","name":"dollar de Hong Kong","symbol_native":"$","decimal_digits":2,"rounding":0.0,"code":"HKD","name_plural":"dollars de Hong Kong"},"HNL":{"symbol":"HNL","name":"lempira hondurien","symbol_native":"L","decimal_digits":2,"rounding":0.0,"code":"HNL","name_plural":"lempiras honduriens"},"HRK":{"symbol":"HRK","name":"kuna croate","symbol_native":"kn","decimal_digits":2,"rounding":0.0,"code":"HRK","name_plural":"kunas croates"},"HUF":{"symbol":"HUF","name":"forint hongrois","symbol_native":"Ft","decimal_digits":0,"rounding":0.0,"code":"HUF","name_plural":"forints hongrois"},"IDR":{"symbol":"IDR","name":"roupie indonésienne","symbol_native":"Rp","decimal_digits":0,"rounding":0.0,"code":"IDR","name_plural":"roupies indonésiennes"},"ILS":{"symbol":"\u20AA","name":"nouveau shekel israélien","symbol_native":"\u20AA","decimal_digits":2,"rounding":0.0,"code":"ILS","name_plural":"nouveaux shekels israélien"},"INR":{"symbol":"\u20B9","name":"roupie indienne","symbol_native":"\u20B9","decimal_digits":2,"rounding":0.0,"code":"INR","name_plural":"roupies indiennes"},"IQD":{"symbol":"IQD","name":"dinar irakien","symbol_native":"د.ع.\u200F","decimal_digits":0,"rounding":0.0,"code":"IQD","name_plural":"dinars irakiens"},"IRR":{"symbol":"IRR","name":"rial iranien","symbol_native":"﷼","decimal_digits":0,"rounding":0.0,"code":"IRR","name_plural":"rials iraniens"},"ISK":{"symbol":"krI","name":"couronne islandaise","symbol_native":"kr","decimal_digits":0,"rounding":0.0,"code":"ISK","name_plural":"couronnes islandaises"},"JMD":{"symbol":"$JM","name":"dollar jamaïcain","symbol_native":"$","decimal_digits":2,"rounding":0.0,"code":"JMD","name_plural":"dollars jamaïcains"},"JOD":{"symbol":"DJ","name":"dinar jordanien","symbol_native":"د.أ.\u200F","decimal_digits":3,"rounding":0.0,"code":"JOD","name_plural":"dinars jordaniens"},"JPY":{"symbol":"¥JP","name":"yen japonais","symbol_native":"￥","decimal_digits":0,"rounding":0.0,"code":"JPY","name_plural":"yens japonais"},"KES":{"symbol":"KES","name":"shilling kényan","symbol_native":"Ksh","decimal_digits":2,"rounding":0.0,"code":"KES","name_plural":"shillings kényans"},"KHR":{"symbol":"KHR","name":"riel cambodgien","symbol_native":"៛","decimal_digits":2,"rounding":0.0,"code":"KHR","name_plural":"riels cambodgiens"},"KMF":{"symbol":"FC","name":"franc comorien","symbol_native":"CF","decimal_digits":0,"rounding":0.0,"code":"KMF","name_plural":"francs comoriens"},"KRW":{"symbol":"\u20A9","name":"won sud-coréen","symbol_native":"\u20A9","decimal_digits":0,"rounding":0.0,"code":"KRW","name_plural":"wons sud-coréens"},"KWD":{"symbol":"DK","name":"dinar koweïtien","symbol_native":"د.ك.\u200F","decimal_digits":3,"rounding":0.0,"code":"KWD","name_plural":"dinar koweïtiens"},"KZT":{"symbol":"KZT","name":"tenge kazakh","symbol_native":"\u20B8","decimal_digits":2,"rounding":0.0,"code":"KZT","name_plural":"tenges kazakhs"},"LBP":{"symbol":"£LB","name":"livre libanaise","symbol_native":"ل.ل.\u200F","decimal_digits":0,"rounding":0.0,"code":"LBP","name_plural":"livres libanaises"},"LKR":{"symbol":"RsSL","name":"roupie srilankaise","symbol_native":"රු.","decimal_digits":2,"rounding":0.0,"code":"LKR","name_plural":"roupies srilankaises"},"LRD":{"symbol":"$LR","name":"dollar libérien","symbol_native":"$","decimal_digits":2,"rounding":0.0,"code":"LRD","name_plural":"dollars libériens"},"LTL":{"symbol":"LTL","name":"litas lituanien","symbol_native":"Lt","decimal_digits":2,"rounding":0.0,"code":"LTL","name_plural":"litas lituaniens"},"LVL":{"symbol":"LVL","name":"lats letton","symbol_native":"Ls","decimal_digits":2,"rounding":0.0,"code":"LVL","name_plural":"lats lettons"},"LYD":{"symbol":"DL","name":"dinar lybien","symbol_native":"د.ل.\u200F","decimal_digits":3,"rounding":0.0,"code":"LYD","name_plural":"dinars lybien"},"MAD":{"symbol":"MAD","name":"dirham marocain","symbol_native":"د.م.\u200F","decimal_digits":2,"rounding":0.0,"code":"MAD","name_plural":"dirhams marocains"},"MDL":{"symbol":"MDL","name":"leu moldave","symbol_native":"MDL","decimal_digits":2,"rounding":0.0,"code":"MDL","name_plural":"leus moldaves"},"MGA":{"symbol":"MGA","name":"ariary malgache","symbol_native":"MGA","decimal_digits":0,"rounding":0.0,"code":"MGA","name_plural":"ariarys malgaches"},"MKD":{"symbol":"MKD","name":"denar macédonien","symbol_native":"MKD","decimal_digits":2,"rounding":0.0,"code":"MKD","name_plural":"denars macédoniens"},"MMK":{"symbol":"MMK","name":"kyat myanmarais","symbol_native":"K","decimal_digits":0,"rounding":0.0,"code":"MMK","name_plural":"kyats myanmarais"},"MOP":{"symbol":"MOP","name":"pataca macanaise","symbol_native":"MOP","decimal_digits":2,"rounding":0.0,"code":"MOP","name_plural":"patacas macanaises"},"MUR":{"symbol":"RsMU","name":"roupie mauricienne","symbol_native":"MUR","decimal_digits":0,"rounding":0.0,"code":"MUR","name_plural":"roupies mauriciennes"},"MXN":{"symbol":"MX$","name":"peso mexicain","symbol_native":"$","decimal_digits":2,"rounding":0.0,"code":"MXN","name_plural":"pesos mexicains"},"MYR":{"symbol":"MYR","name":"ringgit malais","symbol_native":"RM","decimal_digits":2,"rounding":0.0,"code":"MYR","name_plural":"ringgits malais"},"MZN":{"symbol":"MZN","name":"metical mozambicain","symbol_native":"MTn","decimal_digits":2,"rounding":0.0,"code":"MZN","name_plural":"meticais mozambicains"},"NAD":{"symbol":"$NA","name":"dollar namibien","symbol_native":"$","decimal_digits":2,"rounding":0.0,"code":"NAD","name_plural":"dollars namibiens"},"NGN":{"symbol":"NGN","name":"naira nigérian","symbol_native":"\u20A6","decimal_digits":2,"rounding":0.0,"code":"NGN","name_plural":"nairas nigérians"},"NIO":{"symbol":"NIO","name":"córdoba oro nicaraguayen","symbol_native":"C$","decimal_digits":2,"rounding":0.0,"code":"NIO","name_plural":"córdobas oro nicaraguayens"},"NOK":{"symbol":"krN","name":"couronne norvégienne","symbol_native":"kr","decimal_digits":2,"rounding":0.0,"code":"NOK","name_plural":"couronnes norvégiennes"},"NPR":{"symbol":"RsNP","name":"roupie népalaise","symbol_native":"नेरू","decimal_digits":2,"rounding":0.0,"code":"NPR","name_plural":"roupies népalaises"},"NZD":{"symbol":"$NZ","name":"dollar néo-zélandais","symbol_native":"$","decimal_digits":2,"rounding":0.0,"code":"NZD","name_plural":"dollars néo-zélandais"},"OMR":{"symbol":"OMR","name":"rial omani","symbol_native":"ر.ع.\u200F","decimal_digits":3,"rounding":0.0,"code":"OMR","name_plural":"rials omanis"},"PAB":{"symbol":"PAB","name":"balboa panaméen","symbol_native":"B\/.","decimal_digits":2,"rounding":0.0,"code":"PAB","name_plural":"balboas panaméens"},"PEN":{"symbol":"PEN","name":"nouveau sol péruvien","symbol_native":"S\/.","decimal_digits":2,"rounding":0.0,"code":"PEN","name_plural":"nouveaux sols péruviens"},"PHP":{"symbol":"PHP","name":"peso philippin","symbol_native":"\u20B1","decimal_digits":2,"rounding":0.0,"code":"PHP","name_plural":"pesos philippins"},"PKR":{"symbol":"RsPK","name":"roupie pakistanaise","symbol_native":"\u20A8","decimal_digits":0,"rounding":0.0,"code":"PKR","name_plural":"roupies pakistanaises"},"PLN":{"symbol":"PLN","name":"zloty polonais","symbol_native":"zł","decimal_digits":2,"rounding":0.0,"code":"PLN","name_plural":"zlotys polonais"},"PYG":{"symbol":"PYG","name":"guaraní paraguayen","symbol_native":"\u20B2","decimal_digits":0,"rounding":0.0,"code":"PYG","name_plural":"guaranís paraguayens"},"QAR":{"symbol":"RQ","name":"rial qatari","symbol_native":"ر.ق.\u200F","decimal_digits":2,"rounding":0.0,"code":"QAR","name_plural":"rials qataris"},"RON":{"symbol":"RON","name":"leu roumain","symbol_native":"RON","decimal_digits":2,"rounding":0.0,"code":"RON","name_plural":"lei roumains"},"RSD":{"symbol":"RSD","name":"dinar serbe","symbol_native":"дин.","decimal_digits":0,"rounding":0.0,"code":"RSD","name_plural":"dinars serbes"},"RUB":{"symbol":"RUB","name":"rouble russe","symbol_native":"руб.","decimal_digits":2,"rounding":0.0,"code":"RUB","name_plural":"roubles russes"},"RWF":{"symbol":"FR","name":"franc rwandais","symbol_native":"FR","decimal_digits":0,"rounding":0.0,"code":"RWF","name_plural":"francs rwandais"},"SAR":{"symbol":"SAR","name":"rial saoudien","symbol_native":"ر.س.\u200F","decimal_digits":2,"rounding":0.0,"code":"SAR","name_plural":"rials saoudiens"},"SDG":{"symbol":"SDG","name":"livre soudanaise","symbol_native":"SDG","decimal_digits":2,"rounding":0.0,"code":"SDG","name_plural":"livres soudanaises"},"SEK":{"symbol":"krS","name":"couronne suédoise","symbol_native":"kr","decimal_digits":2,"rounding":0.0,"code":"SEK","name_plural":"couronnes suédoises"},"SGD":{"symbol":"$SG","name":"dollar de Singapour","symbol_native":"$","decimal_digits":2,"rounding":0.0,"code":"SGD","name_plural":"dollars de Singapour"},"SOS":{"symbol":"SOS","name":"shilling somalien","symbol_native":"SOS","decimal_digits":0,"rounding":0.0,"code":"SOS","name_plural":"shillings somaliens"},"STD":{"symbol":"STD","name":"dobra santoméen","symbol_native":"Db","decimal_digits":0,"rounding":0.0,"code":"STD","name_plural":"dobras santoméens"},"SYP":{"symbol":"£SY","name":"livre syrienne","symbol_native":"ل.س.\u200F","decimal_digits":0,"rounding":0.0,"code":"SYP","name_plural":"livres syriennes"},"THB":{"symbol":"฿","name":"baht thaïlandais","symbol_native":"฿","decimal_digits":2,"rounding":0.0,"code":"THB","name_plural":"baths thaïlandais"},"TND":{"symbol":"TND","name":"dinar tunisien","symbol_native":"د.ت.\u200F","decimal_digits":3,"rounding":0.0,"code":"TND","name_plural":"dinars tunisiens"},"TOP":{"symbol":"TOP","name":"pa\u2019anga tongan","symbol_native":"T$","decimal_digits":2,"rounding":0.0,"code":"TOP","name_plural":"pa\u2019angas tongans"},"TRY":{"symbol":"TRY","name":"nouvelle livre turque","symbol_native":"TL","decimal_digits":2,"rounding":0.0,"code":"TRY","name_plural":"nouvelles livres turques"},"TTD":{"symbol":"$TT","name":"dollar trinidadien","symbol_native":"$","decimal_digits":2,"rounding":0.0,"code":"TTD","name_plural":"dollars trinidadiens"},"TWD":{"symbol":"NT$","name":"nouveau dollar taïwanais","symbol_native":"NT$","decimal_digits":2,"rounding":0.0,"code":"TWD","name_plural":"nouveaux dollars taïwanais"},"TZS":{"symbol":"TZS","name":"shilling tanzanien","symbol_native":"TSh","decimal_digits":0,"rounding":0.0,"code":"TZS","name_plural":"shillings tanzaniens"},"UAH":{"symbol":"UAH","name":"hryvnia ukrainienne","symbol_native":"\u20B4","decimal_digits":2,"rounding":0.0,"code":"UAH","name_plural":"hryvnias ukrainiennes"},"UGX":{"symbol":"UGX","name":"shilling ougandais","symbol_native":"USh","decimal_digits":0,"rounding":0.0,"code":"UGX","name_plural":"shillings ougandais"},"USD":{"symbol":"$US","name":"dollar des États-Unis","symbol_native":"$","decimal_digits":2,"rounding":0.0,"code":"USD","name_plural":"dollars des États-Unis"},"UYU":{"symbol":"$UY","name":"peso uruguayen","symbol_native":"$","decimal_digits":2,"rounding":0.0,"code":"UYU","name_plural":"pesos uruguayens"},"UZS":{"symbol":"UZS","name":"sum ouzbek","symbol_native":"UZS","decimal_digits":0,"rounding":0.0,"code":"UZS","name_plural":"sums ouzbeks"},"VEF":{"symbol":"VEF","name":"bolivar fuerte vénézuélien","symbol_native":"Bs.F.","decimal_digits":2,"rounding":0.0,"code":"VEF","name_plural":"bolivar fuertes vénézuélien"},"VND":{"symbol":"\u20AB","name":"dông vietnamien","symbol_native":"\u20AB","decimal_digits":0,"rounding":0.0,"code":"VND","name_plural":"dôngs vietnamiens"},"XAF":{"symbol":"FCFA","name":"franc CFA (BEAC)","symbol_native":"FCFA","decimal_digits":0,"rounding":0.0,"code":"XAF","name_plural":"francs CFA (BEAC)"},"XOF":{"symbol":"CFA","name":"franc CFA (BCEAO)","symbol_native":"CFA","decimal_digits":0,"rounding":0.0,"code":"XOF","name_plural":"francs CFA (BCEAO)"},"YER":{"symbol":"RY","name":"rial yéménite","symbol_native":"ر.ي.\u200F","decimal_digits":0,"rounding":0.0,"code":"YER","name_plural":"rials yéménites"},"ZAR":{"symbol":"ZAR","name":"rand sud-africain","symbol_native":"R","decimal_digits":2,"rounding":0.0,"code":"ZAR","name_plural":"rands sud-africains"},"ZMK":{"symbol":"ZMK","name":"kwacha zambien","symbol_native":"ZK","decimal_digits":0,"rounding":0.0,"code":"ZMK","name_plural":"kwachas zambiens"}}